Driver,Team,Compound,LapNumber,TrackStatus,TyreLife,Stint,LapTime
VER,Red Bull Racing,MEDIUM,1.0,1,1.0,1.0,87.905
VER,Red Bull Racing,MEDIUM,2.0,1,2.0,1.0,86.163
VER,Red Bull Racing,MEDIUM,3.0,1,3.0,1.0,85.702
VER,Red Bull Racing,MEDIUM,4.0,1,4.0,1.0,86.05
VER,Red Bull Racing,MEDIUM,5.0,1,5.0,1.0,86.176
VER,Red Bull Racing,MEDIUM,6.0,1,6.0,1.0,86.837
VER,Red Bull Racing,MEDIUM,7.0,1,7.0,1.0,86.368
VER,Red Bull Racing,MEDIUM,8.0,1,8.0,1.0,85.99
VER,Red Bull Racing,MEDIUM,9.0,1,9.0,1.0,86.605
VER,Red Bull Racing,MEDIUM,10.0,1,10.0,1.0,86.603
VER,Red Bull Racing,MEDIUM,11.0,1,11.0,1.0,86.643
VER,Red Bull Racing,MEDIUM,12.0,1,12.0,1.0,86.442
VER,Red Bull Racing,MEDIUM,13.0,1,13.0,1.0,86.666
VER,Red Bull Racing,MEDIUM,14.0,1,14.0,1.0,87.028
VER,Red Bull Racing,MEDIUM,15.0,1,15.0,1.0,86.782
VER,Red Bull Racing,MEDIUM,16.0,1,16.0,1.0,86.718
VER,Red Bull Racing,MEDIUM,17.0,1,17.0,1.0,86.733
VER,Red Bull Racing,MEDIUM,18.0,1,18.0,1.0,86.273
VER,Red Bull Racing,MEDIUM,19.0,1,19.0,1.0,86.438
VER,Red Bull Racing,MEDIUM,20.0,1,20.0,1.0,90.849
VER,Red Bull Racing,HARD,22.0,1,2.0,2.0,85.885
VER,Red Bull Racing,HARD,23.0,1,3.0,2.0,86.159
VER,Red Bull Racing,HARD,24.0,1,4.0,2.0,86.327
VER,Red Bull Racing,HARD,25.0,1,5.0,2.0,85.914
VER,Red Bull Racing,HARD,26.0,1,6.0,2.0,85.786
VER,Red Bull Racing,HARD,27.0,1,7.0,2.0,85.501
VER,Red Bull Racing,HARD,28.0,1,8.0,2.0,85.434
VER,Red Bull Racing,HARD,29.0,1,9.0,2.0,85.471
VER,Red Bull Racing,HARD,30.0,1,10.0,2.0,85.398
VER,Red Bull Racing,HARD,31.0,1,11.0,2.0,85.502
VER,Red Bull Racing,HARD,32.0,1,12.0,2.0,85.41
VER,Red Bull Racing,HARD,33.0,1,13.0,2.0,85.24
VER,Red Bull Racing,HARD,34.0,1,14.0,2.0,85.683
VER,Red Bull Racing,HARD,35.0,1,15.0,2.0,85.815
VER,Red Bull Racing,HARD,36.0,1,16.0,2.0,85.598
VER,Red Bull Racing,HARD,37.0,1,17.0,2.0,85.683
VER,Red Bull Racing,HARD,38.0,1,18.0,2.0,85.585
VER,Red Bull Racing,HARD,39.0,1,19.0,2.0,85.486
VER,Red Bull Racing,HARD,40.0,1,20.0,2.0,85.901
VER,Red Bull Racing,HARD,41.0,1,21.0,2.0,85.779
VER,Red Bull Racing,HARD,42.0,1,22.0,2.0,85.912
VER,Red Bull Racing,HARD,43.0,1,23.0,2.0,85.994
VER,Red Bull Racing,HARD,44.0,1,24.0,2.0,85.751
VER,Red Bull Racing,HARD,45.0,1,25.0,2.0,85.916
VER,Red Bull Racing,HARD,46.0,1,26.0,2.0,86.185
VER,Red Bull Racing,HARD,47.0,1,27.0,2.0,86.137
VER,Red Bull Racing,HARD,48.0,1,28.0,2.0,87.235
VER,Red Bull Racing,HARD,49.0,1,29.0,2.0,87.907
VER,Red Bull Racing,HARD,50.0,1,30.0,2.0,88.393
VER,Red Bull Racing,HARD,51.0,1,31.0,2.0,87.525
GAS,Alpine,MEDIUM,2.0,1,2.0,1.0,88.696
GAS,Alpine,MEDIUM,3.0,1,3.0,1.0,87.916
GAS,Alpine,MEDIUM,4.0,1,4.0,1.0,87.472
GAS,Alpine,MEDIUM,5.0,1,5.0,1.0,87.694
GAS,Alpine,MEDIUM,6.0,1,6.0,1.0,87.324
GAS,Alpine,MEDIUM,7.0,1,7.0,1.0,87.21
GAS,Alpine,MEDIUM,8.0,1,8.0,1.0,87.24
GAS,Alpine,MEDIUM,9.0,1,9.0,1.0,87.366
GAS,Alpine,HARD,12.0,1,5.0,2.0,87.431
GAS,Alpine,HARD,13.0,1,6.0,2.0,87.368
GAS,Alpine,HARD,14.0,1,7.0,2.0,87.348
GAS,Alpine,HARD,15.0,1,8.0,2.0,87.363
GAS,Alpine,HARD,16.0,1,9.0,2.0,87.088
GAS,Alpine,HARD,17.0,1,10.0,2.0,87.076
GAS,Alpine,HARD,18.0,1,11.0,2.0,87.053
GAS,Alpine,HARD,19.0,1,12.0,2.0,87.136
GAS,Alpine,HARD,20.0,1,13.0,2.0,87.035
GAS,Alpine,HARD,21.0,1,14.0,2.0,87.706
GAS,Alpine,HARD,22.0,1,15.0,2.0,87.219
GAS,Alpine,HARD,23.0,1,16.0,2.0,87.454
GAS,Alpine,HARD,24.0,1,17.0,2.0,87.06
GAS,Alpine,HARD,25.0,1,18.0,2.0,87.223
GAS,Alpine,HARD,26.0,1,19.0,2.0,87.59
GAS,Alpine,HARD,27.0,1,20.0,2.0,87.189
GAS,Alpine,HARD,28.0,1,21.0,2.0,87.521
GAS,Alpine,HARD,29.0,1,22.0,2.0,87.383
GAS,Alpine,HARD,30.0,1,23.0,2.0,87.658
GAS,Alpine,MEDIUM,33.0,1,2.0,3.0,86.439
GAS,Alpine,MEDIUM,34.0,1,3.0,3.0,86.877
GAS,Alpine,MEDIUM,35.0,1,4.0,3.0,86.903
GAS,Alpine,MEDIUM,36.0,1,5.0,3.0,86.797
GAS,Alpine,MEDIUM,37.0,1,6.0,3.0,86.499
GAS,Alpine,MEDIUM,38.0,1,7.0,3.0,86.357
GAS,Alpine,MEDIUM,39.0,1,8.0,3.0,86.736
GAS,Alpine,MEDIUM,40.0,1,9.0,3.0,86.548
GAS,Alpine,MEDIUM,41.0,1,10.0,3.0,86.346
GAS,Alpine,MEDIUM,42.0,1,11.0,3.0,86.425
GAS,Alpine,MEDIUM,43.0,1,12.0,3.0,85.921
GAS,Alpine,MEDIUM,44.0,1,13.0,3.0,85.758
GAS,Alpine,MEDIUM,45.0,1,14.0,3.0,86.297
GAS,Alpine,MEDIUM,46.0,1,15.0,3.0,86.292
GAS,Alpine,MEDIUM,47.0,1,16.0,3.0,86.144
GAS,Alpine,MEDIUM,48.0,1,17.0,3.0,86.288
GAS,Alpine,MEDIUM,49.0,1,18.0,3.0,87.913
GAS,Alpine,MEDIUM,50.0,1,19.0,3.0,87.375
PER,Red Bull Racing,MEDIUM,1.0,1,1.0,1.0,89.806
PER,Red Bull Racing,MEDIUM,2.0,1,2.0,1.0,86.881
PER,Red Bull Racing,MEDIUM,3.0,1,3.0,1.0,86.143
PER,Red Bull Racing,MEDIUM,4.0,1,4.0,1.0,86.019
PER,Red Bull Racing,MEDIUM,5.0,1,5.0,1.0,86.354
PER,Red Bull Racing,MEDIUM,6.0,1,6.0,1.0,86.465
PER,Red Bull Racing,MEDIUM,7.0,1,7.0,1.0,86.333
PER,Red Bull Racing,MEDIUM,8.0,1,8.0,1.0,86.887
PER,Red Bull Racing,MEDIUM,9.0,1,9.0,1.0,86.564
PER,Red Bull Racing,MEDIUM,10.0,1,10.0,1.0,86.454
PER,Red Bull Racing,MEDIUM,11.0,1,11.0,1.0,87.245
PER,Red Bull Racing,MEDIUM,12.0,1,12.0,1.0,86.968
PER,Red Bull Racing,MEDIUM,13.0,1,13.0,1.0,87.014
PER,Red Bull Racing,MEDIUM,14.0,1,14.0,1.0,87.451
PER,Red Bull Racing,MEDIUM,15.0,1,15.0,1.0,86.779
PER,Red Bull Racing,MEDIUM,16.0,1,16.0,1.0,86.823
PER,Red Bull Racing,MEDIUM,17.0,1,17.0,1.0,87.011
PER,Red Bull Racing,MEDIUM,18.0,1,18.0,1.0,86.765
PER,Red Bull Racing,MEDIUM,19.0,1,19.0,1.0,86.669
PER,Red Bull Racing,MEDIUM,20.0,1,20.0,1.0,86.509
PER,Red Bull Racing,MEDIUM,21.0,1,21.0,1.0,90.934
PER,Red Bull Racing,HARD,23.0,1,2.0,2.0,85.564
PER,Red Bull Racing,HARD,24.0,1,3.0,2.0,85.759
PER,Red Bull Racing,HARD,25.0,1,4.0,2.0,86.005
PER,Red Bull Racing,HARD,26.0,1,5.0,2.0,85.884
PER,Red Bull Racing,HARD,27.0,1,6.0,2.0,86.456
PER,Red Bull Racing,HARD,28.0,1,7.0,2.0,85.584
PER,Red Bull Racing,HARD,29.0,1,8.0,2.0,85.606
PER,Red Bull Racing,HARD,30.0,1,9.0,2.0,85.757
PER,Red Bull Racing,HARD,31.0,1,10.0,2.0,86.415
PER,Red Bull Racing,HARD,32.0,1,11.0,2.0,85.88
PER,Red Bull Racing,HARD,33.0,1,12.0,2.0,86.02
PER,Red Bull Racing,HARD,34.0,1,13.0,2.0,85.948
PER,Red Bull Racing,HARD,35.0,1,14.0,2.0,85.651
PER,Red Bull Racing,HARD,36.0,1,15.0,2.0,85.627
PER,Red Bull Racing,HARD,37.0,1,16.0,2.0,85.757
PER,Red Bull Racing,HARD,38.0,1,17.0,2.0,85.584
PER,Red Bull Racing,HARD,39.0,1,18.0,2.0,85.522
PER,Red Bull Racing,HARD,40.0,1,19.0,2.0,85.626
PER,Red Bull Racing,HARD,41.0,1,20.0,2.0,86.719
PER,Red Bull Racing,HARD,42.0,1,21.0,2.0,86.539
PER,Red Bull Racing,HARD,43.0,1,22.0,2.0,86.624
PER,Red Bull Racing,HARD,44.0,1,23.0,2.0,86.329
PER,Red Bull Racing,HARD,45.0,1,24.0,2.0,86.573
PER,Red Bull Racing,HARD,46.0,1,25.0,2.0,85.598
PER,Red Bull Racing,HARD,47.0,1,26.0,2.0,86.476
PER,Red Bull Racing,HARD,48.0,1,27.0,2.0,86.108
PER,Red Bull Racing,HARD,49.0,1,28.0,2.0,86.006
PER,Red Bull Racing,HARD,50.0,1,29.0,2.0,86.385
PER,Red Bull Racing,HARD,51.0,1,30.0,2.0,85.903
ALO,Aston Martin,MEDIUM,2.0,1,2.0,1.0,88.012
ALO,Aston Martin,MEDIUM,3.0,1,3.0,1.0,87.546
ALO,Aston Martin,MEDIUM,4.0,1,4.0,1.0,87.221
ALO,Aston Martin,MEDIUM,5.0,1,5.0,1.0,87.033
ALO,Aston Martin,MEDIUM,6.0,1,6.0,1.0,87.175
ALO,Aston Martin,MEDIUM,7.0,1,7.0,1.0,86.929
ALO,Aston Martin,MEDIUM,8.0,1,8.0,1.0,86.943
ALO,Aston Martin,MEDIUM,9.0,1,9.0,1.0,87.383
ALO,Aston Martin,MEDIUM,10.0,1,10.0,1.0,87.368
ALO,Aston Martin,MEDIUM,11.0,1,11.0,1.0,87.343
ALO,Aston Martin,MEDIUM,12.0,1,12.0,1.0,87.339
ALO,Aston Martin,MEDIUM,13.0,1,13.0,1.0,87.158
ALO,Aston Martin,MEDIUM,14.0,1,14.0,1.0,87.607
ALO,Aston Martin,MEDIUM,15.0,1,15.0,1.0,86.929
ALO,Aston Martin,MEDIUM,16.0,1,16.0,1.0,87.164
ALO,Aston Martin,MEDIUM,17.0,1,17.0,1.0,87.156
ALO,Aston Martin,MEDIUM,18.0,1,18.0,1.0,87.275
ALO,Aston Martin,MEDIUM,19.0,1,19.0,1.0,87.318
ALO,Aston Martin,MEDIUM,20.0,1,20.0,1.0,88.284
ALO,Aston Martin,HARD,23.0,1,5.0,2.0,86.849
ALO,Aston Martin,HARD,24.0,1,6.0,2.0,86.949
ALO,Aston Martin,HARD,25.0,1,7.0,2.0,86.899
ALO,Aston Martin,HARD,26.0,1,8.0,2.0,86.792
ALO,Aston Martin,HARD,27.0,1,9.0,2.0,86.666
ALO,Aston Martin,HARD,28.0,1,10.0,2.0,86.723
ALO,Aston Martin,HARD,29.0,1,11.0,2.0,86.997
ALO,Aston Martin,HARD,30.0,1,12.0,2.0,86.915
ALO,Aston Martin,HARD,31.0,1,13.0,2.0,86.848
ALO,Aston Martin,HARD,32.0,1,14.0,2.0,86.747
ALO,Aston Martin,HARD,33.0,1,15.0,2.0,86.769
ALO,Aston Martin,HARD,34.0,1,16.0,2.0,86.563
ALO,Aston Martin,HARD,35.0,1,17.0,2.0,86.517
ALO,Aston Martin,HARD,36.0,1,18.0,2.0,86.457
ALO,Aston Martin,HARD,37.0,1,19.0,2.0,86.38
ALO,Aston Martin,HARD,38.0,1,20.0,2.0,86.574
ALO,Aston Martin,HARD,39.0,1,21.0,2.0,86.707
ALO,Aston Martin,HARD,40.0,1,22.0,2.0,86.61
ALO,Aston Martin,HARD,41.0,1,23.0,2.0,86.815
ALO,Aston Martin,HARD,42.0,1,24.0,2.0,86.403
ALO,Aston Martin,HARD,43.0,1,25.0,2.0,86.105
ALO,Aston Martin,HARD,44.0,1,26.0,2.0,86.155
ALO,Aston Martin,HARD,45.0,1,27.0,2.0,86.277
ALO,Aston Martin,HARD,46.0,1,28.0,2.0,86.453
ALO,Aston Martin,HARD,47.0,1,29.0,2.0,86.912
ALO,Aston Martin,HARD,48.0,1,30.0,2.0,87.183
ALO,Aston Martin,HARD,49.0,1,31.0,2.0,87.245
ALO,Aston Martin,HARD,50.0,1,32.0,2.0,87.36
ALO,Aston Martin,HARD,51.0,1,33.0,2.0,87.395
LEC,Ferrari,MEDIUM,1.0,1,1.0,1.0,88.755
LEC,Ferrari,MEDIUM,2.0,1,2.0,1.0,86.312
LEC,Ferrari,MEDIUM,3.0,1,3.0,1.0,85.719
LEC,Ferrari,MEDIUM,4.0,1,4.0,1.0,86.025
LEC,Ferrari,MEDIUM,5.0,1,5.0,1.0,86.266
LEC,Ferrari,MEDIUM,6.0,1,6.0,1.0,86.483
LEC,Ferrari,MEDIUM,7.0,1,7.0,1.0,86.473
LEC,Ferrari,MEDIUM,8.0,1,8.0,1.0,85.972
LEC,Ferrari,MEDIUM,9.0,1,9.0,1.0,86.678
LEC,Ferrari,MEDIUM,10.0,1,10.0,1.0,86.787
LEC,Ferrari,MEDIUM,11.0,1,11.0,1.0,86.838
LEC,Ferrari,MEDIUM,12.0,1,12.0,1.0,86.694
LEC,Ferrari,MEDIUM,13.0,1,13.0,1.0,86.557
LEC,Ferrari,MEDIUM,14.0,1,14.0,1.0,86.94
LEC,Ferrari,MEDIUM,15.0,1,15.0,1.0,87.314
LEC,Ferrari,MEDIUM,16.0,1,16.0,1.0,87.155
LEC,Ferrari,MEDIUM,17.0,1,17.0,1.0,87.67
LEC,Ferrari,MEDIUM,18.0,1,18.0,1.0,87.498
LEC,Ferrari,MEDIUM,19.0,1,19.0,1.0,87.702
LEC,Ferrari,HARD,22.0,1,2.0,2.0,85.742
LEC,Ferrari,HARD,23.0,1,3.0,2.0,85.807
LEC,Ferrari,HARD,24.0,1,4.0,2.0,85.933
LEC,Ferrari,HARD,25.0,1,5.0,2.0,86.061
LEC,Ferrari,HARD,26.0,1,6.0,2.0,85.763
LEC,Ferrari,HARD,27.0,1,7.0,2.0,86.234
LEC,Ferrari,HARD,28.0,1,8.0,2.0,85.663
LEC,Ferrari,HARD,29.0,1,9.0,2.0,85.814
LEC,Ferrari,HARD,30.0,1,10.0,2.0,85.782
LEC,Ferrari,HARD,31.0,1,11.0,2.0,86.496
LEC,Ferrari,HARD,32.0,1,12.0,2.0,86.869
LEC,Ferrari,HARD,33.0,1,13.0,2.0,85.962
LEC,Ferrari,HARD,34.0,1,14.0,2.0,85.851
LEC,Ferrari,HARD,35.0,1,15.0,2.0,85.85
LEC,Ferrari,HARD,36.0,1,16.0,2.0,85.631
LEC,Ferrari,HARD,37.0,1,17.0,2.0,85.671
LEC,Ferrari,HARD,38.0,1,18.0,2.0,85.58
LEC,Ferrari,HARD,39.0,1,19.0,2.0,85.629
LEC,Ferrari,HARD,40.0,1,20.0,2.0,85.728
LEC,Ferrari,HARD,41.0,1,21.0,2.0,86.511
LEC,Ferrari,HARD,42.0,1,22.0,2.0,86.448
LEC,Ferrari,HARD,43.0,1,23.0,2.0,86.597
LEC,Ferrari,HARD,44.0,1,24.0,2.0,86.586
LEC,Ferrari,HARD,45.0,1,25.0,2.0,86.321
LEC,Ferrari,HARD,46.0,1,26.0,2.0,86.58
LEC,Ferrari,HARD,47.0,1,27.0,2.0,87.371
LEC,Ferrari,HARD,48.0,1,28.0,2.0,86.828
LEC,Ferrari,HARD,49.0,1,29.0,2.0,86.633
LEC,Ferrari,HARD,50.0,1,30.0,2.0,86.961
LEC,Ferrari,HARD,51.0,1,31.0,2.0,86.783
STR,Aston Martin,MEDIUM,2.0,1,2.0,1.0,88.953
STR,Aston Martin,MEDIUM,3.0,1,3.0,1.0,88.614
STR,Aston Martin,MEDIUM,4.0,1,4.0,1.0,87.725
STR,Aston Martin,MEDIUM,5.0,1,5.0,1.0,87.574
STR,Aston Martin,MEDIUM,6.0,1,6.0,1.0,87.656
STR,Aston Martin,MEDIUM,7.0,1,7.0,1.0,87.1
STR,Aston Martin,MEDIUM,8.0,1,8.0,1.0,87.362
STR,Aston Martin,MEDIUM,9.0,1,9.0,1.0,87.312
STR,Aston Martin,MEDIUM,10.0,1,10.0,1.0,87.539
STR,Aston Martin,MEDIUM,11.0,1,11.0,1.0,87.369
STR,Aston Martin,MEDIUM,12.0,1,12.0,1.0,87.81
STR,Aston Martin,MEDIUM,13.0,1,13.0,1.0,88.222
STR,Aston Martin,MEDIUM,14.0,1,14.0,1.0,88.057
STR,Aston Martin,MEDIUM,15.0,1,15.0,1.0,88.179
STR,Aston Martin,MEDIUM,16.0,1,16.0,1.0,88.08
STR,Aston Martin,MEDIUM,17.0,1,17.0,1.0,87.909
STR,Aston Martin,MEDIUM,18.0,1,18.0,1.0,88.401
STR,Aston Martin,MEDIUM,19.0,1,19.0,1.0,88.05
STR,Aston Martin,HARD,22.0,1,6.0,2.0,86.742
STR,Aston Martin,HARD,23.0,1,7.0,2.0,86.968
STR,Aston Martin,HARD,24.0,1,8.0,2.0,87.34
STR,Aston Martin,HARD,25.0,1,9.0,2.0,87.176
STR,Aston Martin,HARD,26.0,1,10.0,2.0,87.259
STR,Aston Martin,HARD,27.0,1,11.0,2.0,86.675
STR,Aston Martin,HARD,28.0,1,12.0,2.0,87.085
STR,Aston Martin,HARD,29.0,1,13.0,2.0,86.809
STR,Aston Martin,HARD,30.0,1,14.0,2.0,86.924
STR,Aston Martin,HARD,31.0,1,15.0,2.0,86.617
STR,Aston Martin,HARD,32.0,1,16.0,2.0,86.832
STR,Aston Martin,HARD,33.0,1,17.0,2.0,87.121
STR,Aston Martin,HARD,34.0,1,18.0,2.0,87.298
STR,Aston Martin,HARD,35.0,1,19.0,2.0,86.97
STR,Aston Martin,HARD,36.0,1,20.0,2.0,87.096
STR,Aston Martin,HARD,37.0,1,21.0,2.0,87.373
STR,Aston Martin,HARD,38.0,1,22.0,2.0,86.902
STR,Aston Martin,HARD,39.0,1,23.0,2.0,86.904
STR,Aston Martin,HARD,40.0,1,24.0,2.0,87.072
STR,Aston Martin,HARD,41.0,1,25.0,2.0,86.916
STR,Aston Martin,HARD,42.0,1,26.0,2.0,87.067
STR,Aston Martin,HARD,44.0,1,28.0,2.0,88.214
STR,Aston Martin,HARD,45.0,1,29.0,2.0,88.336
STR,Aston Martin,HARD,46.0,1,30.0,2.0,87.153
STR,Aston Martin,HARD,47.0,1,31.0,2.0,87.267
STR,Aston Martin,HARD,48.0,1,32.0,2.0,87.59
STR,Aston Martin,HARD,49.0,1,33.0,2.0,89.467
STR,Aston Martin,HARD,50.0,1,34.0,2.0,90.865
SAR,Williams,MEDIUM,2.0,1,5.0,1.0,88.08
SAR,Williams,MEDIUM,3.0,1,6.0,1.0,87.647
SAR,Williams,MEDIUM,4.0,1,7.0,1.0,87.389
SAR,Williams,MEDIUM,5.0,1,8.0,1.0,87.17
SAR,Williams,MEDIUM,6.0,1,9.0,1.0,87.135
SAR,Williams,MEDIUM,7.0,1,10.0,1.0,87.251
SAR,Williams,MEDIUM,8.0,1,11.0,1.0,87.233
SAR,Williams,MEDIUM,9.0,1,12.0,1.0,87.459
SAR,Williams,MEDIUM,10.0,1,13.0,1.0,87.685
SAR,Williams,MEDIUM,11.0,1,14.0,1.0,87.804
SAR,Williams,MEDIUM,12.0,1,15.0,1.0,88.694
SAR,Williams,MEDIUM,13.0,1,16.0,1.0,87.799
SAR,Williams,HARD,16.0,1,5.0,2.0,86.84
SAR,Williams,HARD,17.0,1,6.0,2.0,87.0
SAR,Williams,HARD,18.0,1,7.0,2.0,86.906
SAR,Williams,HARD,19.0,1,8.0,2.0,87.165
SAR,Williams,HARD,20.0,1,9.0,2.0,87.28
SAR,Williams,HARD,21.0,1,10.0,2.0,87.363
SAR,Williams,HARD,22.0,1,11.0,2.0,87.465
SAR,Williams,HARD,23.0,1,12.0,2.0,87.149
SAR,Williams,HARD,24.0,1,13.0,2.0,87.104
SAR,Williams,HARD,25.0,1,14.0,2.0,87.165
SAR,Williams,HARD,26.0,1,15.0,2.0,87.021
SAR,Williams,HARD,27.0,1,16.0,2.0,87.253
SAR,Williams,HARD,28.0,1,17.0,2.0,87.546
SAR,Williams,HARD,29.0,1,18.0,2.0,87.545
SAR,Williams,HARD,30.0,1,19.0,2.0,87.121
SAR,Williams,HARD,31.0,1,20.0,2.0,87.461
SAR,Williams,HARD,32.0,1,21.0,2.0,87.522
SAR,Williams,HARD,33.0,1,22.0,2.0,87.293
SAR,Williams,HARD,34.0,1,23.0,2.0,87.219
SAR,Williams,HARD,35.0,1,24.0,2.0,87.233
SAR,Williams,HARD,36.0,1,25.0,2.0,87.142
SAR,Williams,HARD,37.0,1,26.0,2.0,87.292
SAR,Williams,HARD,38.0,1,27.0,2.0,87.103
SAR,Williams,HARD,39.0,1,28.0,2.0,87.137
SAR,Williams,HARD,40.0,1,29.0,2.0,87.64
SAR,Williams,HARD,41.0,1,30.0,2.0,87.18
SAR,Williams,HARD,42.0,1,31.0,2.0,87.176
SAR,Williams,HARD,43.0,1,32.0,2.0,89.385
SAR,Williams,HARD,44.0,1,33.0,2.0,87.686
SAR,Williams,HARD,45.0,1,34.0,2.0,87.502
SAR,Williams,HARD,46.0,1,35.0,2.0,87.709
SAR,Williams,HARD,47.0,1,36.0,2.0,87.622
SAR,Williams,HARD,48.0,1,37.0,2.0,87.44
SAR,Williams,HARD,49.0,1,38.0,2.0,87.742
SAR,Williams,HARD,50.0,1,39.0,2.0,89.626
MAG,Haas F1 Team,HARD,2.0,1,6.0,1.0,88.923
MAG,Haas F1 Team,HARD,3.0,1,7.0,1.0,88.538
MAG,Haas F1 Team,HARD,4.0,1,8.0,1.0,89.252
MAG,Haas F1 Team,HARD,5.0,1,9.0,1.0,88.276
MAG,Haas F1 Team,HARD,6.0,1,10.0,1.0,87.949
MAG,Haas F1 Team,HARD,7.0,1,11.0,1.0,87.691
MAG,Haas F1 Team,HARD,8.0,1,12.0,1.0,87.935
MAG,Haas F1 Team,HARD,9.0,1,13.0,1.0,88.218
MAG,Haas F1 Team,HARD,10.0,1,14.0,1.0,88.511
MAG,Haas F1 Team,HARD,11.0,1,15.0,1.0,88.792
MAG,Haas F1 Team,MEDIUM,14.0,1,2.0,2.0,88.08
MAG,Haas F1 Team,MEDIUM,15.0,1,3.0,2.0,87.848
MAG,Haas F1 Team,MEDIUM,16.0,1,4.0,2.0,87.649
MAG,Haas F1 Team,MEDIUM,17.0,1,5.0,2.0,87.589
MAG,Haas F1 Team,MEDIUM,18.0,1,6.0,2.0,87.898
MAG,Haas F1 Team,MEDIUM,19.0,1,7.0,2.0,87.159
MAG,Haas F1 Team,MEDIUM,20.0,1,8.0,2.0,87.011
MAG,Haas F1 Team,MEDIUM,21.0,1,9.0,2.0,87.128
MAG,Haas F1 Team,MEDIUM,22.0,1,10.0,2.0,87.244
MAG,Haas F1 Team,MEDIUM,23.0,1,11.0,2.0,87.492
MAG,Haas F1 Team,MEDIUM,24.0,1,12.0,2.0,87.536
MAG,Haas F1 Team,MEDIUM,25.0,1,13.0,2.0,87.502
MAG,Haas F1 Team,MEDIUM,26.0,1,14.0,2.0,87.418
MAG,Haas F1 Team,MEDIUM,27.0,1,15.0,2.0,87.22
MAG,Haas F1 Team,MEDIUM,28.0,1,16.0,2.0,87.154
MAG,Haas F1 Team,MEDIUM,29.0,1,17.0,2.0,87.344
MAG,Haas F1 Team,MEDIUM,30.0,1,18.0,2.0,87.384
MAG,Haas F1 Team,MEDIUM,31.0,1,19.0,2.0,87.486
MAG,Haas F1 Team,MEDIUM,32.0,1,20.0,2.0,87.556
MAG,Haas F1 Team,MEDIUM,35.0,1,2.0,3.0,86.3
MAG,Haas F1 Team,MEDIUM,36.0,1,3.0,3.0,86.385
MAG,Haas F1 Team,MEDIUM,37.0,1,4.0,3.0,86.454
MAG,Haas F1 Team,MEDIUM,38.0,1,5.0,3.0,86.394
MAG,Haas F1 Team,MEDIUM,39.0,1,6.0,3.0,90.343
MAG,Haas F1 Team,MEDIUM,40.0,1,7.0,3.0,86.696
MAG,Haas F1 Team,MEDIUM,41.0,1,8.0,3.0,86.328
MAG,Haas F1 Team,MEDIUM,42.0,1,9.0,3.0,86.278
MAG,Haas F1 Team,MEDIUM,43.0,1,10.0,3.0,86.511
MAG,Haas F1 Team,MEDIUM,44.0,1,11.0,3.0,86.514
MAG,Haas F1 Team,MEDIUM,45.0,1,12.0,3.0,86.787
MAG,Haas F1 Team,MEDIUM,46.0,1,13.0,3.0,86.983
MAG,Haas F1 Team,MEDIUM,47.0,1,14.0,3.0,86.66
MAG,Haas F1 Team,MEDIUM,48.0,1,15.0,3.0,86.739
MAG,Haas F1 Team,MEDIUM,49.0,1,16.0,3.0,87.054
MAG,Haas F1 Team,MEDIUM,50.0,1,17.0,3.0,86.904
ALB,Williams,MEDIUM,1.0,1,4.0,1.0,90.785
ALB,Williams,MEDIUM,2.0,1,5.0,1.0,87.067
ALB,Williams,MEDIUM,3.0,1,6.0,1.0,86.578
ALB,Williams,MEDIUM,4.0,1,7.0,1.0,86.684
ALB,Williams,MEDIUM,5.0,1,8.0,1.0,86.868
ALB,Williams,MEDIUM,6.0,1,9.0,1.0,86.661
ALB,Williams,MEDIUM,7.0,1,10.0,1.0,86.773
ALB,Williams,MEDIUM,8.0,1,11.0,1.0,86.676
ALB,Williams,MEDIUM,9.0,1,12.0,1.0,86.838
ALB,Williams,MEDIUM,10.0,1,13.0,1.0,87.305
ALB,Williams,MEDIUM,11.0,1,14.0,1.0,87.389
ALB,Williams,MEDIUM,12.0,1,15.0,1.0,87.533
ALB,Williams,MEDIUM,13.0,1,16.0,1.0,87.676
ALB,Williams,MEDIUM,14.0,1,17.0,1.0,87.723
ALB,Williams,HARD,17.0,1,5.0,2.0,87.087
ALB,Williams,HARD,18.0,1,6.0,2.0,86.893
ALB,Williams,HARD,19.0,1,7.0,2.0,87.308
ALB,Williams,HARD,20.0,1,8.0,2.0,86.853
ALB,Williams,HARD,21.0,1,9.0,2.0,86.601
ALB,Williams,HARD,22.0,1,10.0,2.0,86.833
ALB,Williams,HARD,23.0,1,11.0,2.0,86.913
ALB,Williams,HARD,24.0,1,12.0,2.0,86.748
ALB,Williams,HARD,25.0,1,13.0,2.0,86.898
ALB,Williams,HARD,26.0,1,14.0,2.0,87.049
ALB,Williams,HARD,27.0,1,15.0,2.0,86.735
ALB,Williams,HARD,28.0,1,16.0,2.0,87.024
ALB,Williams,HARD,29.0,1,17.0,2.0,86.977
ALB,Williams,HARD,30.0,1,18.0,2.0,86.94
ALB,Williams,HARD,31.0,1,19.0,2.0,86.735
ALB,Williams,HARD,32.0,1,20.0,2.0,86.432
ALB,Williams,HARD,33.0,1,21.0,2.0,86.389
ALB,Williams,HARD,34.0,1,22.0,2.0,86.579
ALB,Williams,HARD,35.0,1,23.0,2.0,86.545
ALB,Williams,HARD,36.0,1,24.0,2.0,86.981
ALB,Williams,HARD,37.0,1,25.0,2.0,86.831
ALB,Williams,HARD,38.0,1,26.0,2.0,87.37
ALB,Williams,HARD,39.0,1,27.0,2.0,86.802
ALB,Williams,HARD,40.0,1,28.0,2.0,86.572
ALB,Williams,HARD,41.0,1,29.0,2.0,86.675
ALB,Williams,HARD,42.0,1,30.0,2.0,86.708
ALB,Williams,HARD,43.0,1,31.0,2.0,86.913
ALB,Williams,HARD,44.0,1,32.0,2.0,87.725
ALB,Williams,HARD,45.0,1,33.0,2.0,86.907
ALB,Williams,HARD,46.0,1,34.0,2.0,87.252
ALB,Williams,HARD,47.0,1,35.0,2.0,88.491
ALB,Williams,HARD,48.0,1,36.0,2.0,86.822
ALB,Williams,HARD,49.0,1,37.0,2.0,87.569
ALB,Williams,HARD,50.0,1,38.0,2.0,87.197
ALB,Williams,HARD,51.0,1,39.0,2.0,87.433
ZHO,Alfa Romeo,MEDIUM,2.0,1,2.0,1.0,88.167
ZHO,Alfa Romeo,MEDIUM,3.0,1,3.0,1.0,87.871
ZHO,Alfa Romeo,MEDIUM,4.0,1,4.0,1.0,87.615
ZHO,Alfa Romeo,MEDIUM,5.0,1,5.0,1.0,87.535
ZHO,Alfa Romeo,MEDIUM,6.0,1,6.0,1.0,87.066
ZHO,Alfa Romeo,MEDIUM,7.0,1,7.0,1.0,87.185
ZHO,Alfa Romeo,MEDIUM,8.0,1,8.0,1.0,87.253
ZHO,Alfa Romeo,MEDIUM,9.0,1,9.0,1.0,87.416
ZHO,Alfa Romeo,MEDIUM,10.0,1,10.0,1.0,87.544
ZHO,Alfa Romeo,HARD,13.0,1,5.0,2.0,86.253
ZHO,Alfa Romeo,HARD,14.0,1,6.0,2.0,87.775
ZHO,Alfa Romeo,HARD,15.0,1,7.0,2.0,87.645
ZHO,Alfa Romeo,HARD,16.0,1,8.0,2.0,87.153
ZHO,Alfa Romeo,HARD,17.0,1,9.0,2.0,86.866
ZHO,Alfa Romeo,HARD,18.0,1,10.0,2.0,87.055
ZHO,Alfa Romeo,HARD,19.0,1,11.0,2.0,87.347
ZHO,Alfa Romeo,HARD,20.0,1,12.0,2.0,87.075
ZHO,Alfa Romeo,HARD,21.0,1,13.0,2.0,87.17
ZHO,Alfa Romeo,HARD,22.0,1,14.0,2.0,87.333
ZHO,Alfa Romeo,HARD,23.0,1,15.0,2.0,87.285
ZHO,Alfa Romeo,HARD,24.0,1,16.0,2.0,87.153
ZHO,Alfa Romeo,HARD,25.0,1,17.0,2.0,87.028
ZHO,Alfa Romeo,HARD,26.0,1,18.0,2.0,87.164
ZHO,Alfa Romeo,HARD,27.0,1,19.0,2.0,87.348
ZHO,Alfa Romeo,HARD,28.0,1,20.0,2.0,87.858
ZHO,Alfa Romeo,HARD,29.0,1,21.0,2.0,87.356
ZHO,Alfa Romeo,HARD,30.0,1,22.0,2.0,87.442
ZHO,Alfa Romeo,HARD,31.0,1,23.0,2.0,87.683
ZHO,Alfa Romeo,HARD,32.0,1,24.0,2.0,87.82
ZHO,Alfa Romeo,MEDIUM,35.0,1,2.0,3.0,85.983
ZHO,Alfa Romeo,MEDIUM,36.0,1,3.0,3.0,86.935
ZHO,Alfa Romeo,MEDIUM,37.0,1,4.0,3.0,86.7
ZHO,Alfa Romeo,MEDIUM,38.0,1,5.0,3.0,86.503
ZHO,Alfa Romeo,MEDIUM,39.0,1,6.0,3.0,86.473
ZHO,Alfa Romeo,MEDIUM,40.0,1,7.0,3.0,86.406
ZHO,Alfa Romeo,MEDIUM,41.0,1,8.0,3.0,86.6
ZHO,Alfa Romeo,MEDIUM,42.0,1,9.0,3.0,86.671
ZHO,Alfa Romeo,MEDIUM,43.0,1,10.0,3.0,86.288
ZHO,Alfa Romeo,MEDIUM,44.0,1,11.0,3.0,86.313
ZHO,Alfa Romeo,MEDIUM,45.0,1,12.0,3.0,86.461
ZHO,Alfa Romeo,MEDIUM,46.0,1,13.0,3.0,86.134
ZHO,Alfa Romeo,MEDIUM,47.0,1,14.0,3.0,86.305
ZHO,Alfa Romeo,MEDIUM,48.0,1,15.0,3.0,86.448
ZHO,Alfa Romeo,MEDIUM,49.0,1,16.0,3.0,88.825
ZHO,Alfa Romeo,MEDIUM,50.0,1,17.0,3.0,86.768
HUL,Haas F1 Team,MEDIUM,2.0,1,5.0,1.0,87.92
HUL,Haas F1 Team,MEDIUM,3.0,1,6.0,1.0,87.36
HUL,Haas F1 Team,MEDIUM,4.0,1,7.0,1.0,87.2
HUL,Haas F1 Team,MEDIUM,5.0,1,8.0,1.0,87.035
HUL,Haas F1 Team,MEDIUM,6.0,1,9.0,1.0,87.169
HUL,Haas F1 Team,MEDIUM,7.0,1,10.0,1.0,87.465
HUL,Haas F1 Team,MEDIUM,8.0,1,11.0,1.0,88.059
HUL,Haas F1 Team,MEDIUM,9.0,1,12.0,1.0,87.481
HUL,Haas F1 Team,MEDIUM,10.0,1,13.0,1.0,87.563
HUL,Haas F1 Team,MEDIUM,11.0,1,14.0,1.0,88.055
HUL,Haas F1 Team,MEDIUM,12.0,1,15.0,1.0,89.091
HUL,Haas F1 Team,MEDIUM,13.0,1,16.0,1.0,88.009
HUL,Haas F1 Team,HARD,16.0,1,7.0,2.0,86.99
HUL,Haas F1 Team,HARD,17.0,1,8.0,2.0,86.988
HUL,Haas F1 Team,HARD,18.0,1,9.0,2.0,87.294
HUL,Haas F1 Team,HARD,19.0,1,10.0,2.0,87.312
HUL,Haas F1 Team,HARD,20.0,1,11.0,2.0,87.078
HUL,Haas F1 Team,HARD,21.0,1,12.0,2.0,87.161
HUL,Haas F1 Team,HARD,22.0,1,13.0,2.0,87.074
HUL,Haas F1 Team,HARD,23.0,1,14.0,2.0,87.29
HUL,Haas F1 Team,HARD,24.0,1,15.0,2.0,87.143
HUL,Haas F1 Team,HARD,25.0,1,16.0,2.0,87.229
HUL,Haas F1 Team,HARD,26.0,1,17.0,2.0,87.344
HUL,Haas F1 Team,HARD,27.0,1,18.0,2.0,87.08
HUL,Haas F1 Team,HARD,28.0,1,19.0,2.0,87.6
HUL,Haas F1 Team,HARD,29.0,1,20.0,2.0,87.466
HUL,Haas F1 Team,HARD,30.0,1,21.0,2.0,87.775
HUL,Haas F1 Team,HARD,31.0,1,22.0,2.0,87.547
HUL,Haas F1 Team,HARD,32.0,1,23.0,2.0,87.976
HUL,Haas F1 Team,HARD,33.0,1,24.0,2.0,88.575
HUL,Haas F1 Team,HARD,34.0,1,25.0,2.0,87.991
HUL,Haas F1 Team,HARD,35.0,1,26.0,2.0,87.945
HUL,Haas F1 Team,HARD,36.0,1,27.0,2.0,88.084
HUL,Haas F1 Team,HARD,37.0,1,28.0,2.0,88.006
HUL,Haas F1 Team,HARD,38.0,1,29.0,2.0,88.969
HUL,Haas F1 Team,MEDIUM,41.0,1,5.0,3.0,86.395
HUL,Haas F1 Team,MEDIUM,42.0,1,6.0,3.0,86.102
HUL,Haas F1 Team,MEDIUM,43.0,1,7.0,3.0,86.234
HUL,Haas F1 Team,MEDIUM,44.0,1,8.0,3.0,86.459
HUL,Haas F1 Team,MEDIUM,45.0,1,9.0,3.0,86.723
HUL,Haas F1 Team,MEDIUM,46.0,1,10.0,3.0,86.645
HUL,Haas F1 Team,MEDIUM,47.0,1,11.0,3.0,86.251
HUL,Haas F1 Team,MEDIUM,48.0,1,12.0,3.0,86.359
HUL,Haas F1 Team,MEDIUM,49.0,1,13.0,3.0,85.981
HUL,Haas F1 Team,MEDIUM,50.0,1,14.0,3.0,85.894
OCO,Alpine,MEDIUM,2.0,1,2.0,1.0,88.667
OCO,Alpine,MEDIUM,3.0,1,3.0,1.0,87.822
OCO,Alpine,MEDIUM,4.0,1,4.0,1.0,87.582
OCO,Alpine,MEDIUM,5.0,1,5.0,1.0,87.385
OCO,Alpine,MEDIUM,6.0,1,6.0,1.0,87.306
OCO,Alpine,MEDIUM,7.0,1,7.0,1.0,87.117
OCO,Alpine,MEDIUM,8.0,1,8.0,1.0,87.309
OCO,Alpine,MEDIUM,9.0,1,9.0,1.0,87.396
OCO,Alpine,MEDIUM,10.0,1,10.0,1.0,87.607
OCO,Alpine,MEDIUM,11.0,1,11.0,1.0,87.738
OCO,Alpine,MEDIUM,12.0,1,12.0,1.0,88.232
OCO,Alpine,MEDIUM,13.0,1,13.0,1.0,87.855
OCO,Alpine,MEDIUM,14.0,1,14.0,1.0,88.091
OCO,Alpine,MEDIUM,15.0,1,15.0,1.0,88.197
OCO,Alpine,MEDIUM,16.0,1,16.0,1.0,88.249
OCO,Alpine,MEDIUM,17.0,1,17.0,1.0,88.111
OCO,Alpine,MEDIUM,18.0,1,18.0,1.0,88.261
OCO,Alpine,MEDIUM,19.0,1,19.0,1.0,88.216
OCO,Alpine,MEDIUM,20.0,1,20.0,1.0,89.387
OCO,Alpine,MEDIUM,21.0,1,21.0,1.0,88.489
OCO,Alpine,MEDIUM,22.0,1,22.0,1.0,88.884
OCO,Alpine,MEDIUM,23.0,1,23.0,1.0,89.474
OCO,Alpine,HARD,26.0,1,5.0,2.0,87.158
OCO,Alpine,HARD,27.0,1,6.0,2.0,87.119
OCO,Alpine,HARD,28.0,1,7.0,2.0,87.19
OCO,Alpine,HARD,29.0,1,8.0,2.0,87.35
OCO,Alpine,HARD,30.0,1,9.0,2.0,87.308
OCO,Alpine,HARD,31.0,1,10.0,2.0,87.208
OCO,Alpine,HARD,32.0,1,11.0,2.0,87.119
OCO,Alpine,HARD,33.0,1,12.0,2.0,86.963
OCO,Alpine,HARD,34.0,1,13.0,2.0,87.626
OCO,Alpine,HARD,35.0,1,14.0,2.0,87.441
OCO,Alpine,HARD,36.0,1,15.0,2.0,87.476
OCO,Alpine,HARD,37.0,1,16.0,2.0,87.429
OCO,Alpine,HARD,38.0,1,17.0,2.0,87.079
NOR,McLaren,MEDIUM,2.0,1,2.0,1.0,87.575
NOR,McLaren,MEDIUM,3.0,1,3.0,1.0,87.105
NOR,McLaren,MEDIUM,4.0,1,4.0,1.0,87.069
NOR,McLaren,MEDIUM,5.0,1,5.0,1.0,87.142
NOR,McLaren,MEDIUM,6.0,1,6.0,1.0,86.796
NOR,McLaren,MEDIUM,7.0,1,7.0,1.0,86.864
NOR,McLaren,MEDIUM,8.0,1,8.0,1.0,86.628
NOR,McLaren,MEDIUM,9.0,1,9.0,1.0,86.893
NOR,McLaren,MEDIUM,10.0,1,10.0,1.0,86.965
NOR,McLaren,MEDIUM,11.0,1,11.0,1.0,87.066
NOR,McLaren,MEDIUM,12.0,1,12.0,1.0,87.438
NOR,McLaren,MEDIUM,13.0,1,13.0,1.0,87.359
NOR,McLaren,MEDIUM,14.0,1,14.0,1.0,87.478
NOR,McLaren,MEDIUM,15.0,1,15.0,1.0,87.796
NOR,McLaren,MEDIUM,16.0,1,16.0,1.0,87.199
NOR,McLaren,MEDIUM,17.0,1,17.0,1.0,87.597
NOR,McLaren,MEDIUM,18.0,1,18.0,1.0,87.272
NOR,McLaren,MEDIUM,19.0,1,19.0,1.0,87.28
NOR,McLaren,MEDIUM,20.0,1,20.0,1.0,87.716
NOR,McLaren,MEDIUM,21.0,1,21.0,1.0,87.718
NOR,McLaren,HARD,24.0,1,6.0,2.0,86.144
NOR,McLaren,HARD,25.0,1,7.0,2.0,86.424
NOR,McLaren,HARD,26.0,1,8.0,2.0,86.402
NOR,McLaren,HARD,27.0,1,9.0,2.0,86.485
NOR,McLaren,HARD,28.0,1,10.0,2.0,86.396
NOR,McLaren,HARD,29.0,1,11.0,2.0,86.472
NOR,McLaren,HARD,30.0,1,12.0,2.0,86.968
NOR,McLaren,HARD,31.0,1,13.0,2.0,86.909
NOR,McLaren,HARD,32.0,1,14.0,2.0,86.586
NOR,McLaren,HARD,33.0,1,15.0,2.0,86.455
NOR,McLaren,HARD,34.0,1,16.0,2.0,86.366
NOR,McLaren,HARD,35.0,1,17.0,2.0,86.464
NOR,McLaren,HARD,36.0,1,18.0,2.0,87.06
NOR,McLaren,HARD,37.0,1,19.0,2.0,86.595
NOR,McLaren,HARD,38.0,1,20.0,2.0,87.567
NOR,McLaren,HARD,39.0,1,21.0,2.0,86.792
NOR,McLaren,HARD,40.0,1,22.0,2.0,86.761
NOR,McLaren,HARD,41.0,1,23.0,2.0,86.562
NOR,McLaren,HARD,42.0,1,24.0,2.0,86.623
NOR,McLaren,HARD,43.0,1,25.0,2.0,86.81
NOR,McLaren,HARD,44.0,1,26.0,2.0,87.991
NOR,McLaren,HARD,45.0,1,27.0,2.0,87.466
NOR,McLaren,HARD,46.0,1,28.0,2.0,87.017
NOR,McLaren,HARD,47.0,1,29.0,2.0,87.886
NOR,McLaren,HARD,48.0,1,30.0,2.0,86.733
NOR,McLaren,HARD,49.0,1,31.0,2.0,87.661
NOR,McLaren,HARD,50.0,1,32.0,2.0,87.174
NOR,McLaren,HARD,51.0,1,33.0,2.0,87.425
LAW,AlphaTauri,MEDIUM,2.0,1,5.0,1.0,88.018
LAW,AlphaTauri,MEDIUM,3.0,1,6.0,1.0,87.657
LAW,AlphaTauri,MEDIUM,4.0,1,7.0,1.0,87.13
LAW,AlphaTauri,MEDIUM,5.0,1,8.0,1.0,87.205
LAW,AlphaTauri,MEDIUM,6.0,1,9.0,1.0,87.263
LAW,AlphaTauri,MEDIUM,7.0,1,10.0,1.0,87.154
LAW,AlphaTauri,MEDIUM,8.0,1,11.0,1.0,87.331
LAW,AlphaTauri,MEDIUM,9.0,1,12.0,1.0,87.506
LAW,AlphaTauri,MEDIUM,10.0,1,13.0,1.0,87.648
LAW,AlphaTauri,MEDIUM,11.0,1,14.0,1.0,87.892
LAW,AlphaTauri,MEDIUM,12.0,1,15.0,1.0,87.631
LAW,AlphaTauri,HARD,15.0,1,5.0,2.0,87.03
LAW,AlphaTauri,HARD,16.0,1,6.0,2.0,87.412
LAW,AlphaTauri,HARD,17.0,1,7.0,2.0,87.045
LAW,AlphaTauri,HARD,18.0,1,8.0,2.0,86.815
LAW,AlphaTauri,HARD,19.0,1,9.0,2.0,87.047
LAW,AlphaTauri,HARD,20.0,1,10.0,2.0,86.89
LAW,AlphaTauri,HARD,21.0,1,11.0,2.0,87.171
LAW,AlphaTauri,HARD,22.0,1,12.0,2.0,88.059
LAW,AlphaTauri,HARD,23.0,1,13.0,2.0,87.215
LAW,AlphaTauri,HARD,24.0,1,14.0,2.0,87.049
LAW,AlphaTauri,HARD,25.0,1,15.0,2.0,87.204
LAW,AlphaTauri,HARD,26.0,1,16.0,2.0,87.089
LAW,AlphaTauri,HARD,27.0,1,17.0,2.0,87.025
LAW,AlphaTauri,HARD,28.0,1,18.0,2.0,87.376
LAW,AlphaTauri,HARD,29.0,1,19.0,2.0,87.108
LAW,AlphaTauri,HARD,30.0,1,20.0,2.0,87.487
LAW,AlphaTauri,HARD,31.0,1,21.0,2.0,87.515
LAW,AlphaTauri,HARD,32.0,1,22.0,2.0,87.496
LAW,AlphaTauri,MEDIUM,35.0,1,5.0,3.0,86.26
LAW,AlphaTauri,MEDIUM,36.0,1,6.0,3.0,86.384
LAW,AlphaTauri,MEDIUM,37.0,1,7.0,3.0,86.253
LAW,AlphaTauri,MEDIUM,38.0,1,8.0,3.0,86.103
LAW,AlphaTauri,MEDIUM,39.0,1,9.0,3.0,86.245
LAW,AlphaTauri,MEDIUM,40.0,1,10.0,3.0,86.273
LAW,AlphaTauri,MEDIUM,41.0,1,11.0,3.0,86.417
LAW,AlphaTauri,MEDIUM,42.0,1,12.0,3.0,86.121
LAW,AlphaTauri,MEDIUM,43.0,1,13.0,3.0,86.143
LAW,AlphaTauri,MEDIUM,44.0,1,14.0,3.0,85.842
LAW,AlphaTauri,MEDIUM,45.0,1,15.0,3.0,86.134
LAW,AlphaTauri,MEDIUM,46.0,1,16.0,3.0,86.018
LAW,AlphaTauri,MEDIUM,47.0,1,17.0,3.0,86.656
LAW,AlphaTauri,MEDIUM,48.0,1,18.0,3.0,86.098
LAW,AlphaTauri,MEDIUM,49.0,1,19.0,3.0,87.235
LAW,AlphaTauri,MEDIUM,50.0,1,20.0,3.0,86.436
HAM,Mercedes,HARD,2.0,1,5.0,1.0,87.837
HAM,Mercedes,HARD,3.0,1,6.0,1.0,87.289
HAM,Mercedes,HARD,4.0,1,7.0,1.0,87.233
HAM,Mercedes,HARD,5.0,1,8.0,1.0,87.015
HAM,Mercedes,HARD,6.0,1,9.0,1.0,86.711
HAM,Mercedes,HARD,7.0,1,10.0,1.0,86.7
HAM,Mercedes,HARD,8.0,1,11.0,1.0,86.643
HAM,Mercedes,HARD,9.0,1,12.0,1.0,86.756
HAM,Mercedes,HARD,10.0,1,13.0,1.0,86.995
HAM,Mercedes,HARD,11.0,1,14.0,1.0,87.119
HAM,Mercedes,HARD,12.0,1,15.0,1.0,87.194
HAM,Mercedes,HARD,13.0,1,16.0,1.0,87.292
HAM,Mercedes,HARD,14.0,1,17.0,1.0,87.526
HAM,Mercedes,HARD,15.0,1,18.0,1.0,88.085
HAM,Mercedes,HARD,16.0,1,19.0,1.0,87.24
HAM,Mercedes,HARD,17.0,1,20.0,1.0,87.585
HAM,Mercedes,HARD,18.0,1,21.0,1.0,87.279
HAM,Mercedes,HARD,19.0,1,22.0,1.0,87.449
HAM,Mercedes,HARD,20.0,1,23.0,1.0,87.83
HAM,Mercedes,HARD,21.0,1,24.0,1.0,87.399
HAM,Mercedes,HARD,22.0,1,25.0,1.0,87.154
HAM,Mercedes,HARD,23.0,1,26.0,1.0,87.267
HAM,Mercedes,HARD,24.0,1,27.0,1.0,87.311
HAM,Mercedes,HARD,25.0,1,28.0,1.0,87.791
HAM,Mercedes,HARD,26.0,1,29.0,1.0,87.407
HAM,Mercedes,MEDIUM,29.0,1,2.0,2.0,85.582
HAM,Mercedes,MEDIUM,30.0,1,3.0,2.0,86.34
HAM,Mercedes,MEDIUM,31.0,1,4.0,2.0,86.404
HAM,Mercedes,MEDIUM,32.0,1,5.0,2.0,86.62
HAM,Mercedes,MEDIUM,33.0,1,6.0,2.0,86.584
HAM,Mercedes,MEDIUM,34.0,1,7.0,2.0,86.236
HAM,Mercedes,MEDIUM,35.0,1,8.0,2.0,86.016
HAM,Mercedes,MEDIUM,36.0,1,9.0,2.0,86.205
HAM,Mercedes,MEDIUM,37.0,1,10.0,2.0,85.999
HAM,Mercedes,MEDIUM,38.0,1,11.0,2.0,86.274
HAM,Mercedes,MEDIUM,39.0,1,12.0,2.0,86.249
HAM,Mercedes,MEDIUM,40.0,1,13.0,2.0,86.658
HAM,Mercedes,MEDIUM,41.0,1,14.0,2.0,87.501
HAM,Mercedes,MEDIUM,42.0,1,15.0,2.0,86.216
HAM,Mercedes,MEDIUM,43.0,1,16.0,2.0,86.093
HAM,Mercedes,MEDIUM,44.0,1,17.0,2.0,87.152
HAM,Mercedes,MEDIUM,45.0,1,18.0,2.0,86.333
HAM,Mercedes,MEDIUM,46.0,1,19.0,2.0,87.193
HAM,Mercedes,MEDIUM,47.0,1,20.0,2.0,86.12
HAM,Mercedes,MEDIUM,48.0,1,21.0,2.0,85.815
HAM,Mercedes,MEDIUM,49.0,1,22.0,2.0,85.888
HAM,Mercedes,MEDIUM,50.0,1,23.0,2.0,85.927
HAM,Mercedes,MEDIUM,51.0,1,24.0,2.0,86.093
SAI,Ferrari,MEDIUM,1.0,1,1.0,1.0,87.117
SAI,Ferrari,MEDIUM,2.0,1,2.0,1.0,86.006
SAI,Ferrari,MEDIUM,3.0,1,3.0,1.0,85.976
SAI,Ferrari,MEDIUM,4.0,1,4.0,1.0,86.067
SAI,Ferrari,MEDIUM,5.0,1,5.0,1.0,86.423
SAI,Ferrari,MEDIUM,6.0,1,6.0,1.0,86.615
SAI,Ferrari,MEDIUM,7.0,1,7.0,1.0,86.358
SAI,Ferrari,MEDIUM,8.0,1,8.0,1.0,86.224
SAI,Ferrari,MEDIUM,9.0,1,9.0,1.0,86.476
SAI,Ferrari,MEDIUM,10.0,1,10.0,1.0,86.511
SAI,Ferrari,MEDIUM,11.0,1,11.0,1.0,86.691
SAI,Ferrari,MEDIUM,12.0,1,12.0,1.0,86.408
SAI,Ferrari,MEDIUM,13.0,1,13.0,1.0,86.887
SAI,Ferrari,MEDIUM,14.0,1,14.0,1.0,86.972
SAI,Ferrari,MEDIUM,15.0,1,15.0,1.0,88.219
SAI,Ferrari,MEDIUM,16.0,1,16.0,1.0,87.323
SAI,Ferrari,MEDIUM,17.0,1,17.0,1.0,87.721
SAI,Ferrari,MEDIUM,18.0,1,18.0,1.0,87.512
SAI,Ferrari,HARD,21.0,1,2.0,2.0,86.146
SAI,Ferrari,HARD,22.0,1,3.0,2.0,85.558
SAI,Ferrari,HARD,23.0,1,4.0,2.0,85.793
SAI,Ferrari,HARD,24.0,1,5.0,2.0,85.902
SAI,Ferrari,HARD,25.0,1,6.0,2.0,86.005
SAI,Ferrari,HARD,26.0,1,7.0,2.0,85.836
SAI,Ferrari,HARD,27.0,1,8.0,2.0,86.165
SAI,Ferrari,HARD,28.0,1,9.0,2.0,85.77
SAI,Ferrari,HARD,29.0,1,10.0,2.0,85.72
SAI,Ferrari,HARD,30.0,1,11.0,2.0,85.501
SAI,Ferrari,HARD,31.0,1,12.0,2.0,85.718
SAI,Ferrari,HARD,32.0,1,13.0,2.0,85.896
SAI,Ferrari,HARD,33.0,1,14.0,2.0,85.926
SAI,Ferrari,HARD,34.0,1,15.0,2.0,86.126
SAI,Ferrari,HARD,35.0,1,16.0,2.0,85.789
SAI,Ferrari,HARD,36.0,1,17.0,2.0,86.011
SAI,Ferrari,HARD,37.0,1,18.0,2.0,85.886
SAI,Ferrari,HARD,38.0,1,19.0,2.0,85.705
SAI,Ferrari,HARD,39.0,1,20.0,2.0,85.924
SAI,Ferrari,HARD,40.0,1,21.0,2.0,86.122
SAI,Ferrari,HARD,41.0,1,22.0,2.0,86.738
SAI,Ferrari,HARD,42.0,1,23.0,2.0,86.479
SAI,Ferrari,HARD,43.0,1,24.0,2.0,86.589
SAI,Ferrari,HARD,44.0,1,25.0,2.0,86.43
SAI,Ferrari,HARD,45.0,1,26.0,2.0,86.632
SAI,Ferrari,HARD,46.0,1,27.0,2.0,87.303
SAI,Ferrari,HARD,47.0,1,28.0,2.0,87.096
SAI,Ferrari,HARD,48.0,1,29.0,2.0,86.8
SAI,Ferrari,HARD,49.0,1,30.0,2.0,86.77
SAI,Ferrari,HARD,50.0,1,31.0,2.0,86.776
SAI,Ferrari,HARD,51.0,1,32.0,2.0,87.044
RUS,Mercedes,MEDIUM,1.0,1,1.0,1.0,89.339
RUS,Mercedes,MEDIUM,2.0,1,2.0,1.0,86.686
RUS,Mercedes,MEDIUM,3.0,1,3.0,1.0,86.176
RUS,Mercedes,MEDIUM,4.0,1,4.0,1.0,86.178
RUS,Mercedes,MEDIUM,5.0,1,5.0,1.0,86.249
RUS,Mercedes,MEDIUM,6.0,1,6.0,1.0,86.515
RUS,Mercedes,MEDIUM,7.0,1,7.0,1.0,86.515
RUS,Mercedes,MEDIUM,8.0,1,8.0,1.0,86.594
RUS,Mercedes,MEDIUM,9.0,1,9.0,1.0,86.71
RUS,Mercedes,MEDIUM,10.0,1,10.0,1.0,86.655
RUS,Mercedes,MEDIUM,11.0,1,11.0,1.0,87.186
RUS,Mercedes,MEDIUM,12.0,1,12.0,1.0,87.044
RUS,Mercedes,MEDIUM,13.0,1,13.0,1.0,86.962
RUS,Mercedes,MEDIUM,14.0,1,14.0,1.0,87.285
RUS,Mercedes,MEDIUM,15.0,1,15.0,1.0,87.005
RUS,Mercedes,MEDIUM,16.0,1,16.0,1.0,87.976
RUS,Mercedes,MEDIUM,17.0,1,17.0,1.0,87.055
RUS,Mercedes,MEDIUM,18.0,1,18.0,1.0,87.383
RUS,Mercedes,HARD,21.0,1,5.0,2.0,86.456
RUS,Mercedes,HARD,22.0,1,6.0,2.0,86.715
RUS,Mercedes,HARD,23.0,1,7.0,2.0,86.605
RUS,Mercedes,HARD,24.0,1,8.0,2.0,86.671
RUS,Mercedes,HARD,25.0,1,9.0,2.0,86.32
RUS,Mercedes,HARD,26.0,1,10.0,2.0,86.41
RUS,Mercedes,HARD,27.0,1,11.0,2.0,86.184
RUS,Mercedes,HARD,28.0,1,12.0,2.0,86.284
RUS,Mercedes,HARD,29.0,1,13.0,2.0,86.14
RUS,Mercedes,HARD,30.0,1,14.0,2.0,85.966
RUS,Mercedes,HARD,31.0,1,15.0,2.0,86.148
RUS,Mercedes,HARD,32.0,1,16.0,2.0,86.059
RUS,Mercedes,HARD,33.0,1,17.0,2.0,86.161
RUS,Mercedes,HARD,34.0,1,18.0,2.0,86.119
RUS,Mercedes,HARD,35.0,1,19.0,2.0,86.189
RUS,Mercedes,HARD,36.0,1,20.0,2.0,86.371
RUS,Mercedes,HARD,37.0,1,21.0,2.0,85.997
RUS,Mercedes,HARD,38.0,1,22.0,2.0,85.847
RUS,Mercedes,HARD,39.0,1,23.0,2.0,86.21
RUS,Mercedes,HARD,40.0,1,24.0,2.0,86.244
RUS,Mercedes,HARD,41.0,1,25.0,2.0,86.614
RUS,Mercedes,HARD,42.0,1,26.0,2.0,86.335
RUS,Mercedes,HARD,43.0,1,27.0,2.0,86.426
RUS,Mercedes,HARD,44.0,1,28.0,2.0,86.336
RUS,Mercedes,HARD,45.0,1,29.0,2.0,86.394
RUS,Mercedes,HARD,46.0,1,30.0,2.0,86.458
RUS,Mercedes,HARD,47.0,1,31.0,2.0,86.64
RUS,Mercedes,HARD,48.0,1,32.0,2.0,86.287
RUS,Mercedes,HARD,49.0,1,33.0,2.0,86.375
RUS,Mercedes,HARD,50.0,1,34.0,2.0,86.874
RUS,Mercedes,HARD,51.0,1,35.0,2.0,86.628
BOT,Alfa Romeo,HARD,2.0,1,5.0,1.0,88.032
BOT,Alfa Romeo,HARD,3.0,1,6.0,1.0,87.95
BOT,Alfa Romeo,HARD,4.0,1,7.0,1.0,87.119
BOT,Alfa Romeo,HARD,5.0,1,8.0,1.0,87.575
BOT,Alfa Romeo,HARD,6.0,1,9.0,1.0,87.15
BOT,Alfa Romeo,HARD,7.0,1,10.0,1.0,87.36
BOT,Alfa Romeo,HARD,8.0,1,11.0,1.0,87.227
BOT,Alfa Romeo,HARD,9.0,1,12.0,1.0,87.265
BOT,Alfa Romeo,HARD,10.0,1,13.0,1.0,87.863
BOT,Alfa Romeo,HARD,11.0,1,14.0,1.0,87.693
BOT,Alfa Romeo,HARD,12.0,1,15.0,1.0,88.716
BOT,Alfa Romeo,HARD,13.0,1,16.0,1.0,88.007
BOT,Alfa Romeo,HARD,14.0,1,17.0,1.0,87.991
BOT,Alfa Romeo,HARD,15.0,1,18.0,1.0,87.427
BOT,Alfa Romeo,HARD,16.0,1,19.0,1.0,87.824
BOT,Alfa Romeo,HARD,17.0,1,20.0,1.0,87.47
BOT,Alfa Romeo,HARD,18.0,1,21.0,1.0,87.634
BOT,Alfa Romeo,HARD,19.0,1,22.0,1.0,87.725
BOT,Alfa Romeo,HARD,20.0,1,23.0,1.0,88.438
BOT,Alfa Romeo,HARD,21.0,1,24.0,1.0,89.044
BOT,Alfa Romeo,HARD,22.0,1,25.0,1.0,88.116
BOT,Alfa Romeo,HARD,23.0,1,26.0,1.0,88.123
BOT,Alfa Romeo,HARD,24.0,1,27.0,1.0,88.022
BOT,Alfa Romeo,MEDIUM,27.0,1,5.0,2.0,85.988
BOT,Alfa Romeo,MEDIUM,28.0,1,6.0,2.0,86.486
BOT,Alfa Romeo,MEDIUM,29.0,1,7.0,2.0,86.201
BOT,Alfa Romeo,MEDIUM,30.0,1,8.0,2.0,86.643
BOT,Alfa Romeo,MEDIUM,31.0,1,9.0,2.0,86.648
BOT,Alfa Romeo,MEDIUM,32.0,1,10.0,2.0,86.606
BOT,Alfa Romeo,MEDIUM,33.0,1,11.0,2.0,86.873
BOT,Alfa Romeo,MEDIUM,34.0,1,12.0,2.0,86.621
BOT,Alfa Romeo,MEDIUM,35.0,1,13.0,2.0,86.523
BOT,Alfa Romeo,MEDIUM,36.0,1,14.0,2.0,86.782
BOT,Alfa Romeo,MEDIUM,37.0,1,15.0,2.0,86.545
BOT,Alfa Romeo,MEDIUM,38.0,1,16.0,2.0,87.093
BOT,Alfa Romeo,MEDIUM,39.0,1,17.0,2.0,86.981
BOT,Alfa Romeo,MEDIUM,40.0,1,18.0,2.0,87.862
BOT,Alfa Romeo,MEDIUM,41.0,1,19.0,2.0,87.203
BOT,Alfa Romeo,MEDIUM,42.0,1,20.0,2.0,86.864
BOT,Alfa Romeo,MEDIUM,43.0,1,21.0,2.0,87.753
BOT,Alfa Romeo,MEDIUM,44.0,1,22.0,2.0,86.962
BOT,Alfa Romeo,MEDIUM,45.0,1,23.0,2.0,86.889
BOT,Alfa Romeo,MEDIUM,46.0,1,24.0,2.0,86.806
BOT,Alfa Romeo,MEDIUM,47.0,1,25.0,2.0,86.736
BOT,Alfa Romeo,MEDIUM,48.0,1,26.0,2.0,87.005
BOT,Alfa Romeo,MEDIUM,49.0,1,27.0,2.0,87.134
BOT,Alfa Romeo,MEDIUM,50.0,1,28.0,2.0,86.95
PIA,McLaren,MEDIUM,1.0,1,1.0,1.0,90.315
PIA,McLaren,MEDIUM,2.0,1,2.0,1.0,88.053
PIA,McLaren,MEDIUM,3.0,1,3.0,1.0,86.982
PIA,McLaren,MEDIUM,4.0,1,4.0,1.0,87.004
PIA,McLaren,MEDIUM,5.0,1,5.0,1.0,86.909
PIA,McLaren,MEDIUM,6.0,1,6.0,1.0,86.878
PIA,McLaren,MEDIUM,7.0,1,7.0,1.0,86.94
PIA,McLaren,MEDIUM,8.0,1,8.0,1.0,86.85
PIA,McLaren,MEDIUM,9.0,1,9.0,1.0,86.864
PIA,McLaren,MEDIUM,10.0,1,10.0,1.0,86.823
PIA,McLaren,MEDIUM,11.0,1,11.0,1.0,87.217
PIA,McLaren,MEDIUM,12.0,1,12.0,1.0,87.454
PIA,McLaren,MEDIUM,13.0,1,13.0,1.0,87.518
PIA,McLaren,MEDIUM,14.0,1,14.0,1.0,87.371
PIA,McLaren,MEDIUM,15.0,1,15.0,1.0,87.738
PIA,McLaren,MEDIUM,16.0,1,16.0,1.0,87.201
PIA,McLaren,MEDIUM,17.0,1,17.0,1.0,87.44
PIA,McLaren,MEDIUM,18.0,1,18.0,1.0,87.398
PIA,McLaren,MEDIUM,19.0,1,19.0,1.0,87.352
PIA,McLaren,MEDIUM,20.0,1,20.0,1.0,87.746
PIA,McLaren,MEDIUM,21.0,1,21.0,1.0,87.587
PIA,McLaren,MEDIUM,22.0,1,22.0,1.0,87.419
PIA,McLaren,HARD,25.0,1,7.0,2.0,86.411
PIA,McLaren,HARD,26.0,1,8.0,2.0,86.287
PIA,McLaren,HARD,27.0,1,9.0,2.0,86.248
PIA,McLaren,HARD,28.0,1,10.0,2.0,86.611
PIA,McLaren,HARD,29.0,1,11.0,2.0,86.132
PIA,McLaren,HARD,30.0,1,12.0,2.0,87.074
PIA,McLaren,HARD,31.0,1,13.0,2.0,86.86
PIA,McLaren,HARD,32.0,1,14.0,2.0,86.746
PIA,McLaren,HARD,33.0,1,15.0,2.0,86.445
PIA,McLaren,HARD,34.0,1,16.0,2.0,86.717
PIA,McLaren,HARD,35.0,1,17.0,2.0,86.277
PIA,McLaren,HARD,36.0,1,18.0,2.0,86.639
PIA,McLaren,HARD,37.0,1,19.0,2.0,86.806
PIA,McLaren,HARD,38.0,1,20.0,2.0,87.146
PIA,McLaren,HARD,39.0,1,21.0,2.0,87.166
PIA,McLaren,HARD,40.0,1,22.0,2.0,86.853
PIA,McLaren,MEDIUM,43.0,1,5.0,3.0,85.072
PIA,McLaren,MEDIUM,44.0,1,6.0,3.0,85.69
PIA,McLaren,MEDIUM,45.0,1,7.0,3.0,86.139
PIA,McLaren,MEDIUM,46.0,1,8.0,3.0,85.732
PIA,McLaren,MEDIUM,47.0,1,9.0,3.0,86.614
PIA,McLaren,MEDIUM,48.0,1,10.0,3.0,86.067
PIA,McLaren,MEDIUM,49.0,1,11.0,3.0,85.841
PIA,McLaren,MEDIUM,50.0,1,12.0,3.0,85.593
